{
    "accuracy": 0.6722560975609756,
    "precision": 0.6198347107438017,
    "recall": 0.3073770491803279,
    "f1_score": 0.410958904109589
}